Vertices,Edges,ExecutionTime,NormalizedTime
10,22,756600,7711.948972864433
20,95,310600,497.64772304350936
30,217,409500,243.13397124858147
40,390,1491000,444.1652386652135
50,612,213100,37.61348452673286
60,885,262400,30.287160338181835
70,1207,283100,22.911366297398384
80,1580,455200,27.113604379516964
90,2002,379800,17.2979279567106
100,2475,621200,22.264274011619776
